Author,keyword,quote,date_added
phlucas_,TNC,http://i.cubeupload.com/uZfhPB.png,2018-01-02 16:42:45.9061043
Horoharu,NOTE,http://i.imgur.com/02BxqNA.jpg,2018-01-02 17:23:02.5846793
Cow,SERVERSTATUS,https://support.rockstargames.com/hc/en-us/articles/200426246-GTA-Online-Server-Status-Latest-Updates,2018-01-04 17:04:52.8545526
_Vagabond,SPAGHETT,https://youtu.be/BGpDGJoe6P0,2018-01-04 17:55:41.4151399
ollmac,WIN,https://i.imgur.com/8i7fwHZ.jpg,2018-01-08 01:07:00.2506725
Cow,ART,https://i.imgur.com/7X0k2UX.png,2018-01-14 18:26:34.4663306
PCExMachina,LEGS,https://i.imgur.com/QPCSCjw.png,2018-01-18 04:32:31.9977712
ollmac,FLEX,https://i.imgur.com/zsQMh25.png,2018-01-21 21:38:11.8204272
ollmac,NUT,https://i.imgur.com/xSds3nN.png,2018-01-31 00:16:56.9045755
PCExMachina,TRUST,https://i.imgur.com/w0X0Fjh.jpg,2018-02-05 17:14:32.4555696
Horoharu,LOLI,http://i.cubeupload.com/VApF6s.gif,2018-02-05 17:16:00.5128054
Horoharu,RUSSIANORGASM,https://youtu.be/eBhh23-paLU,2018-02-08 05:26:59.4701557
ollmac,LEGS,https://i.imgur.com/EGP3izT.png,2018-02-12 22:34:19.6275562
oleg_aka_djmeg,SONG,https://www.youtube.com/watch?v=JF28BO3N-_Q,2018-02-13 19:23:24.3761632
ollmac,LEGS,https://i.imgur.com/Ri9mdsV.jpg,2018-02-14 16:03:57.8062634
Horoharu,WOAHTHERE,https://youtu.be/7UX-RnfEl68,2018-02-14 19:04:14.1326028
oleg_aka_djmeg,ONTOP,https://i.imgur.com/SaP8SpI.png,2018-02-15 21:11:45.8847118
_Vagabond,MEAT,https://i.imgur.com/RtemMl3.png,2018-02-20 23:55:50.6519953
phlucas,DO,we have a hari .. quote here .. doesnt seem like a bad idea,2018-02-25 17:05:40.5709021
phlucas,WHERE,u at ollmong <:FeelsWordMan:396701600854310912>,2018-03-01 21:17:36.3242985
phlucas,<:AAHHHHHHHHHHHHHHHHHHHHHHHHHHHHHH:403619501138116630>,<:AAHHHHHHHHHHHHHHHHHHHHHHHHHHHHHH:403619501138116630>,2018-03-01 21:24:16.0982726
oleg_aka_djmeg,YOU,get it for using it during votekick,2018-03-03 17:58:45.5809255
Horoharu,OOPSIE,Some bad words in here! I think I'll be going to my SAFE-Spaceâ„¢ now. :-(,2018-03-05 21:33:07.7575709
PCExMachina,MEAT,since a tolerant british man said cunt all day but was offended by the word retard,2018-03-06 12:37:44.6101396
PCExMachina,ğŸ”¥,https://i.imgur.com/g9BhaNu.jpg,2018-03-08 18:01:55.8795207
Horoharu,CARTEL,http://i.cubeupload.com/FwcZ4b.png,2018-03-10 04:50:14.6043606
PCExMachina,CODE,https://puu.sh/zRADp/404afbba3f.png,2018-03-28 23:41:52.5073167
Horoharu,NAZISERVER,http://i.cubeupload.com/dJEYmr.png,2018-04-02 23:12:48.7194471
raks,HEY,beautiful <:FeelsCuteMan:409443980619546635>,2018-04-04 17:31:22.5127428
_Vagabond,<:FEELSWEIRDMAN:395246192130261003>,<:FeelsWordMan:396701600854310912>,2018-04-14 21:13:55.1423382
_Vagabond,<:BLOBDANCER:420306475848564737>,<:blobdancer:420306475848564737> <:blobdancer:420306475848564737> <:blobdancer:420306475848564737> <:blobdancer:420306475848564737> <:blobdancer:420306475848564737> <:blobdancer:420306475848564737> <:blobdancer:420306475848564737> <:blobdancer:420306475848564737> <:blobdancer:420306475848564737> <:blobdancer:420306475848564737> <:blobdancer:420306475848564737> <:blobdancer:420306475848564737> <:blobdancer:420306475848564737> <:blobdancer:420306475848564737> <:blobdancer:420306475848564737>,2018-04-14 21:15:12.7463559
_Vagabond,WEIRD,<:FeelsWeirdMan:450408083403833344> https://i.imgur.com/99IUzp0.png,2018-04-19 23:03:27.3625854
phlucas,SAYONARA,https://i.imgur.com/m3jEkmH.png,2018-04-22 16:09:36.5742524
_Vagabond,NICEFEET,https://i.imgur.com/zUuW8mN.jpg,2018-04-27 18:01:40.3325124
_Vagabond,YEH,"I didn't saw a fucking bus\, bi-articulated even or.. Don't know how those aee called elsewhere",2018-04-29 21:22:40.2242745
Horoharu,JUSTDOIT,http://i.cubeupload.com/1fX31N.png,2018-05-02 06:07:06.345178
PCExMachina,ANUS,https://i.imgur.com/gOcMu8p.png,2018-05-02 21:41:29.5704753
_Vagabond,BRSPEAK,https://i.imgur.com/wPqttWl.png,2018-05-13 08:14:19.6676772
Horoharu,<:HAHAYES:445275539025035266>,<:hahayes:445275539025035266>,2018-05-14 18:45:23.5256176
ollmac,YEH,Rubberduck debugging,2018-05-14 19:11:33.447618
Horoharu,<:NOPENOOT:441357211113881602>,https://youtu.be/75V4ClJZME4,2018-05-15 17:20:16.2845332
KrazyCake,GÃ‰P,<:hahayes:445275539025035266>,2018-05-19 22:15:47.1599158
KrazyCake,URBAN,https://i.imgur.com/dlL7uLM.png,2018-05-20 23:17:40.8083734
KrazyCake,THOT,https://i.imgur.com/bEMITvE.png,2018-05-20 23:17:56.8757702
Horoharu,WIKI,https://notsafe.wikia.com/wiki/Not_safe._Just_ASS_Wiki,2018-05-22 20:16:34.2159163
oleg_aka_djmeg,<:FEELSCRINGEMAN:395245975809294336>,ğŸ‡¨ğŸ‡·ğŸ‡®ğŸ‡³ğŸ‡¬ğŸ‡ª,2018-05-24 19:50:04.821887
phlucas,ğŸ¤¼,https://i.imgur.com/lKKqEDN.png,2018-05-26 21:46:12.7895728
PCExMachina,WHERE,is <@!217303735007838209> <:GWseremePeepoThink:451000167189970944>,2018-05-29 12:34:47.93843
oleg_aka_djmeg,SESH,send fr to tightvegan,2018-05-29 20:19:35.3330693
Peteorama,FILL,up the qotes lists my peepos <:smugMercy:395251777114472449>,2018-06-02 21:03:26.1028159
Horoharu,NAZI,https://i.imgur.com/85OlzXZ.jpg,2018-06-04 00:47:47.2189003
KrazyCake,ANIME,https://img.4plebs.org/boards/s4s/image/1447/65/1447653394959.jpg,2018-06-14 10:19:48.0432137
KrazyCake,ANIME,https://i.redd.it/eeetef8t8v311.png,2018-06-14 10:24:50.0432137
PCExMachina,ANIME,https://i.imgur.com/GCNg9q9.png,2018-06-15 18:04:00.6613061
oleg_aka_djmeg,ğŸµ,http://i.imgur.com/02BxqNA.jpg,2018-07-07 17:48:04.2907324
Tilnel,"123",<:hahayes:445275539025035266>,2018-07-11 12:18:11.9564118
phlucas,BAN,https://media1.tenor.com/images/11baffb759ae7ca9d984153cf53a7768/tenor.gif?itemid=8540510,2018-07-16 17:13:05.8255564
ollmac,COW,https://i.imgur.com/L1yxu4e.png,2018-07-17 20:37:06.2065151
oleg_aka_djmeg,ĞšĞ£Ğ”Ğ,Ğ¿Ñ€Ğ¾Ğ¿Ğ°Ğ» Ğ¾Ğ»Ğ¼ĞµĞº <:GWnanamiIllyaThink:398951131050541066>,2018-07-18 15:21:41.061235
Tilnel,WHERE,<:kannaHappyToHelpRatwayIsOverHere:386376208142696449>,2018-07-22 16:21:53.3983975
ollmac,WHY,<:GWsetmyxPeepoWeird:405337568155009024>,2018-07-23 16:25:35.3749011
phlucas,DISCORD:,sorry discord-ers ğŸ˜” ğŸ˜” ğŸ˜”we were too busy GAMING ğŸ® ğŸ® with  our CODE MONKEYS ğŸ™ˆ ğŸ™‰ ğŸ™Šat the GAMER LAB ğŸ¥° ğŸ®and we POOPOO FARTED  ğŸ˜² ğŸ˜² ğŸ’© ğŸ˜­it wasnt very epic of us ğŸ˜³now back to PWNING NOOBS ğŸ˜ ğŸ˜ ğŸ˜,2018-07-24 01:30:11.9366973
KrazyCake,JUSTICE,for <@313290158969454593>,2018-07-30 15:20:35.0346911
phlucas,GAMEPHYSICS,https://streamable.com/v5rpl,2018-07-31 17:33:27.7160621
phlucas,FURRY,https://i.imgur.com/ZtLGTfu.png,2018-07-31 17:36:13.8235389
TSNevermeier,EFFECTIVE,https://i.imgur.com/3NlS6Hg.png,2018-07-31 23:05:49.7778045
TSNevermeier,CHILDISH,ğŸ‘¹ ME RAMSEY ğŸ‘¹ ME BAN ğŸ‘¹ DONT LIKE? ğŸ‘¹ MUTED ğŸ‘¹,2018-08-01 08:50:19.173602
KrazyCake,RAMSEY,ğŸ˜,2018-08-01 09:08:54.7009172
Peteorama,SAFE,http://imgur.com/TdWfr7L,2018-08-01 12:03:26.3840343
TSNevermeier,TSN,touching tips with ramsey tbh,2018-08-01 19:13:53.0652538
Tilnel,EVERYDAY,https://i.imgur.com/qWzfhNd.png,2018-08-01 19:22:12.0527537
Peteorama,RULES,https://i.imgur.com/BSAGYAj.png,2018-08-02 10:39:23.1516415
TSNevermeier,<:BLOBTHINKINGSMIRK:357824556439699456>,https://i.imgur.com/xfK4P1S.png,2018-08-02 10:58:38.1530829
TSNevermeier,WOAW,https://i.imgur.com/TExeURR.png,2018-08-02 17:05:07.3094576
Horoharu,WHERE,<@!257523081906487296> <:FeelsWoawMan:433348962758688779> ?,2018-08-03 01:34:40.7201589
Tilnel,USERS,%users%,2018-08-03 01:43:42.4179584
Tilnel,STATS,** %user.fullname% (%user.id%) Stats **\nCreated: %user.created_date% @ %user.created_time%\nJoined: %user.joined_date% @ %user.joined_time%,2018-08-03 01:50:44.5438724
Peteorama,OLLMAC,http://imgur.com/2A6svrX,2018-08-03 12:24:25.5785495
Peteorama,SGT,http://imgur.com/NEEGsIh,2018-08-03 22:49:50.3113235
Horoharu,SHADY,<:mrThinkredible:467653112316952576>  ?,2018-08-05 14:51:59.3108275
Horoharu,AUTISM,https://vgy.me/PXz2DQ.png,2018-08-06 21:33:12.8009216
Peteorama,BIC,https://f429a6ff6c012f7ca05d-04c087848e99d4aab0cf8d1f9f82d07c.ssl.cf1.rackcdn.com/34/48/34/34483482/ad_34483482_a04755a37100cbed_web.jpg,2018-08-07 22:03:19.0467109
_Vagabond,BEEF,https://i.imgur.com/B0jUr53.jpg,2018-08-14 01:46:35.8127788
Tilnel,OLLMAC,https://i.imgur.com/k6AiVLz.png,2018-08-14 23:41:20.1096509
raks,WHERE,is <@!257523081906487296> <:AAHHHHHHHHHHHHHHHHHHHHHHHHHHHHHH:403619501138116630>,2018-08-15 13:51:37.2780322
TSNevermeier,WHERE,IS CRAZYCOWNINETYTWO,2018-08-21 13:26:23.3903805
Tilnel,DLC,<:AAHHHHHHHHHHHHHHHHHHHHHHHHHHHHHH:403619501138116630>,2018-08-21 14:26:35.4686207
_Vagabond,DED,chat,2018-08-30 03:01:40.6092706
_Vagabond,CHAT,ded,2018-08-30 03:01:46.5292647
TSNevermeier,SAFE,This perfect balance of power hunger and incompetence is a better meme than everything in that stupid channel <:FeelsVagaMan:453705205939437578>,2018-08-30 22:08:12.4455779
_Vagabond,CHAT,alive,2018-08-31 01:50:27.4108202
TSNevermeier,TEST,test,2018-09-03 09:11:25.3764508
TSNevermeier,PIMMELREITER,lolrofl,2018-09-03 09:23:08.0740973
TSNevermeier,YOBLAN,https://i.imgur.com/ToY6axy.png,2018-09-03 13:25:19.1733359
oleg_aka_djmeg,HELLO,https://i.imgur.com/UovQHwH.png,2018-09-03 13:34:24.1536391
oleg_aka_djmeg,<:FEELSWEIRDMAN:450408083403833344>,<:FeelsWeirdMan:450408083403833344>,2018-09-03 14:50:09.2810219
TSNevermeier,OLLMAC,<:reallyBruh:396803401817653248> ofc i would <:reallyBruh:396803401817653248> when u say i <:reallyBruh:396803401817653248> at everything <:reallyBruh:396803401817653248>,2018-09-03 16:17:00.0497291
TSNevermeier,LEARNBR,hehuehuehuehueheuheheuheuheuheuehuehue jajajajajajajajajajajjajajaja *stab*,2018-09-03 20:48:11.1071275
Peteorama,KANKER,https://i.redd.it/5z6m43uyesk01.gif,2018-09-04 12:14:50.3726888
TSNevermeier,TEST,@everyone,2018-09-04 16:42:11.819379
TSNevermeier,JOZSEF,HUNgypsy <:reallyBruh:396803401817653248>,2018-09-05 09:14:40.0597075
TSNevermeier,JOZSEF,Bae <:blobAww:412738847185698836>,2018-09-05 09:15:01.1296105
_Vagabond,CAPTAIN,weeb https://i.imgur.com/txG4MK9.png,2018-09-06 21:59:37.8310611
TSNevermeier,AGEPLAY,https://i.dailymail.co.uk/i/newpix/2018/06/28/15/4DB6719A00000578-5896805-image-m-30_1530196086852.jpg,2018-09-10 20:58:33.4206921
TSNevermeier,WOAW,https://i.imgur.com/TExeURR.png,2018-09-19 12:39:06.8742241
TSNevermeier,WOAW,https://i.imgur.com/qjnaZ00.gifv,2018-09-19 12:47:10.4702802
_Vagabond,PERHAPS,https://i.imgur.com/FEZr6Mb.png,2018-09-19 12:55:57.9024743
_Vagabond,WHERE,"Southern quadrant, but they're on the move. Current location unknown.",2018-09-19 20:43:55.108092
_Vagabond,GERMONG,https://i.imgur.com/FvlaDSF.png,2018-09-20 00:30:56.3579925
_Vagabond,RUSSPEAK,https://i.imgur.com/ZJxIs79.png,2018-09-21 00:44:33.3207623
oleg_aka_djmeg,RACIST,ğŸ‡³ğŸ‡®ğŸ‡¬ğŸ‡¬ğŸ‡ªğŸ‡·,2018-09-22 10:32:16.9569754
TSNevermeier,<:FEELSVAGAMAN:453705205939437578>,https://i.imgur.com/qY2qP2b.png,2018-09-23 17:07:12.2718797
TSNevermeier,BAIT,https://imgur.com/LOpOefT,2018-09-23 17:31:34.5391818
TSNevermeier,LEGEND,https://i.imgur.com/Xq9B86Z.png,2018-09-23 18:31:39.6069833
TSNevermeier,JOZSEF,brozsef <:EZ:476741301619130400>,2018-09-24 11:02:10.4154469
ollmac,FROGGE,"ğŸ¸ ğŸ¸ ğŸ¸ ğŸ¸ ğŸ¸ ğŸ¸ ğŸ¸ ğŸ¸
ğŸ¸ ğŸ¸ ğŸ¸ ğŸ¸ ğŸ¸ ğŸ¸ ğŸ¸ ğŸ¸ ğŸ¸ ğŸ¸
ğŸ¸ ğŸ¸ ğŸ¸ ğŸ¸ ğŸ¸ ğŸ¸ ğŸ¸ ğŸ¸ ğŸ¸ ğŸ¸ ğŸ¸ ğŸ¸
ğŸ¸ ğŸ¸ ğŸ¸ ğŸ¸ ğŸ¸ ğŸ¸ ğŸ¸ ğŸ¸ ğŸ¸ ğŸ¸ ğŸ¸ ğŸ¸ ğŸ¸ 
ğŸ¸ ğŸ¸ âšª âš« âš« âšª ğŸ¸ ğŸ¸ ğŸ¸ âšª âš« âš« âšª
ğŸ¸ âšª âš« âš« âšª âš« âšª ğŸ¸ âšª âš« âš« âšª âš« âšª
ğŸ¸ âšª âš« âšª âš« âš« âšª ğŸ¸ âšª âš« âšª âš« âš« âšª
ğŸ¸ ğŸ¸ âšª âš« âšª  âšª ğŸ¸ ğŸ¸ ğŸ¸ âšª âš« âšª  âšª
ğŸ¸ ğŸ¸ ğŸ¸ ğŸ¸ ğŸ¸ ğŸ¸ ğŸ¸ ğŸ¸ ğŸ¸ ğŸ¸ ğŸ¸ ğŸ¸ ğŸ¸
ğŸ”´ ğŸ”´ ğŸ¸ ğŸ¸ ğŸ¸ ğŸ¸ ğŸ¸ ğŸ¸ ğŸ¸ ğŸ¸ ğŸ¸ ğŸ¸ ğŸ¸
ğŸ¸ ğŸ”´ ğŸ”´ ğŸ¸ ğŸ¸ ğŸ¸ ğŸ¸ ğŸ¸ ğŸ¸ ğŸ¸ ğŸ¸ ğŸ¸ ğŸ¸
ğŸ¸ ğŸ¸ ğŸ”´ ğŸ”´ ğŸ”´ ğŸ”´ ğŸ”´ ğŸ”´ ğŸ”´ ğŸ”´ ğŸ”´ ğŸ”´ ğŸ”´ ğŸ”´ 
ğŸ¸ ğŸ¸ ğŸ¸ ğŸ”´ ğŸ”´ ğŸ”´ ğŸ”´ ğŸ”´ ğŸ”´ ğŸ”´ ğŸ”´ ğŸ”´ ğŸ”´ ğŸ”´ 
ğŸ¸ ğŸ¸ ğŸ¸ ğŸ¸ ğŸ¸ ğŸ¸ ğŸ¸ ğŸ¸ ğŸ¸ ğŸ¸ ğŸ¸ ğŸ¸
ğŸ¸ ğŸ¸ ğŸ¸ ğŸ¸ ğŸ¸ ğŸ¸ ğŸ¸ ğŸ¸ ğŸ¸ ğŸ¸ ğŸ¸
ğŸ¸ ğŸ¸ ğŸ¸ ğŸ¸ ğŸ¸ ğŸ¸ ğŸ¸ ğŸ¸ ğŸ¸",2018-09-24 15:51:19.5934195
TSNevermeier,GSG9,"Was zum Teufel hast du grade Ã¼ber mich gesagt, du kleine Schlampe? Du solltest wissen, dass ich meine Ausbildung beim GSG9 als Jahrgangsbester abgeschlossen habe, in mehrere Kommandounternehmen gegen Al-Kaida involviert war und Ã¼ber 300 bestÃ¤tigte TÃ¶tungen habe. Ich bin in GorillakriegsfÃ¼hrung ausgebildet und der beste ScharfschÃ¼tze im deutschen Bundesheer. Du bist fÃ¼r mich nichts als ein weiteres Ziel. Ich werde dich mit einer nie zuvor gesehenen PrÃ¤zision vom Antliz dieser Welt tilgen, merk dir meine verdammten Worte. Du denkst du kÃ¶nntest hier im Internet so eine ScheiÃŸe Ã¼ber mich erzÃ¤hlen und damit durchkommen? Denk lieber nochmal darÃ¼ber nach, du Wichser. WÃ¤hrend wir uns hier unterhalten, habe ich schon mein geheimes Netzwerk aus Spionen kontaktiert und deine IP-Adresse wird grade rÃ¼ckverfolgt, also mach dich besser auf den Sturm gefasst, du Made. Der Sturm, der das erbÃ¤rmliche kleine Ding, das du als dein ""Leben"" bezeichnest, auslÃ¶schen wird. Du bist verdammt nochmal tot, Junge. Ich kÃ¶nnte jederzeit Ã¼berall sein, und dich auf Ã¼ber siebenhundert verschiedene Arten tÃ¶ten, nur mit meinen bloÃŸen HÃ¤nden. Aber ich bin nicht nur im unbewaffneten Kampf ausgebildet, ich habe auch Zugriff auf das Waffenarsenal der Bundeswehr und ich werde es aufs Vollste ausschÃ¶pfen, um deinen elendigen Arsch von diesem Kontinent zu blasen, du kleiner ScheiÃŸkerl. Wenn du nur gewusst hÃ¤ttest, was fÃ¼r eine apokalyptische Rache dein kleiner ""witziger"" Kommentar provoziert hat, hÃ¤ttest du vermutlich dein verdammtes Maul gehalten. Aber nein, das hast du nicht hinbekommen, das wolltest du nicht, und jetzt wirst du dafÃ¼r bezahlen, du verdammter Idiot. Du wirst in meinem Hass ertrinken. Du bist tot, Junge.",2018-09-26 15:59:36.2335033
TSNevermeier,NAZI,https://i.imgur.com/GhJtFRc.png,2018-10-05 13:30:18.5288981
TSNevermeier,HITLER,https://i.imgur.com/fFx3dIk.png,2018-10-05 22:04:26.6681298
TSNevermeier,CAH,https://i.imgur.com/zbhB4XV.png,2018-10-07 21:56:54.4343317
TSNevermeier,SWAMPMONG,https://i.imgur.com/htt21aD.jpg,2018-10-09 09:30:21.9245385
TSNevermeier,WARN,[Plz note Peteorama is slightly mong and a professional opinion would always be advised if the subject matter is critical],2018-10-11 19:12:36.2054977
TSNevermeier,WARN,_more retarded than i expected_,2018-10-14 20:05:41.0561011
TSNevermeier,BIGOOF,https://i.imgur.com/HuiP2nH.png,2018-10-15 18:01:06.1924696
ollmac,@EVERYONE,@everyone,2018-10-16 20:33:21.658375
_Vagabond,WARN,"*commander Boreal, enemy forces on our perimeter!*",2018-10-17 08:07:57.8231255
KrazyCake,PREDICTION,This place will be so dead in a year mark my words - <@277224745055813632> 17/10/2018,2018-10-17 11:11:37.9449005
TSNevermeier,GAY,https://i.imgur.com/7tqvQXN.png,2018-10-19 12:03:41.4359352
_Vagabond,SORRY,æ‰“æ‰°äº†,2018-10-21 08:48:57.7235747
TSNevermeier,ELK,https://i.imgur.com/bQEy1sT.jpg,2018-10-23 17:49:22.1890107
TSNevermeier,GAMER,https://i.imgur.com/WYH9xAw.jpg,2018-10-23 17:51:52.4016669
TSNevermeier,GAY,https://i.imgur.com/7tqvQXN.png,2018-10-23 17:52:01.3452907
Tilnel,BOSS,<:nitup:492098994554667017>,2018-10-23 17:57:11.3473015
TSNevermeier,TODD,https://i.imgur.com/eQzY5Jl.png,2018-10-23 17:57:29.3572221
TSNevermeier,NOTGAY,https://imgur.com/sJUfEM7,2018-10-23 17:58:11.1630024
TSNevermeier,MITSOS,<:hang:505371259811659777> YOURSELF IF YOU INSIST ON USING ğŸ®,2018-10-26 13:25:42.5789995
phlucas,SAYO,"has 2 personas inside him, a wholesome furry one and slightly edgy chaddy one",2018-10-26 17:49:44.1416609
TerranceCX,SEXY,<@211296488427356161>  <@!342009916195864586> <@94152722734919680> <@!287270935508287488> <@313290158969454593>,2018-10-27 11:51:59.9501073
oleg_aka_djmeg,DOCTOR,".
ğŸ‘ ğŸ‘ 
    ğŸ‘„",2018-11-01 11:25:16.8189312
TerranceCX,HATE,you <@!152950252549177344>,2018-11-04 16:40:34.8284134
TerranceCX,CAUSE,I feel like I canâ€™t breathe <@313290158969454593>,2018-11-04 16:41:42.591046
TerranceCX,JUST,"hold me , donâ€™t touch me  <@!342009916195864586>",2018-11-04 16:42:57.3553044
TerranceCX,AND,I want to you love me . But u to trust me stay with set me free <@!287270935508287488>,2018-11-04 16:43:51.9716718
TerranceCX,NO,"I canâ€™t back ,no I canâ€™t deny that Iâ€™m staying now cause I canâ€™t decide  confused and scared Iâ€™m terrified of you <@313290158969454593>  <@!152950252549177344>",2018-11-04 16:46:38.1920007
TerranceCX,I,admit I'm in and out of my head Don't listen to a single word I've said <@!287270935508287488>,2018-11-04 16:47:20.6797263
_Vagabond,SOUNDS,like a fetish thing,2018-11-11 08:07:53.2821024
phlucas,CPT,"""if i were gay i would rule the sucking"" - SayoMayo 2018 <:eblan:473986147899408385>",2018-11-11 23:14:31.5265156
oleg_aka_djmeg,THIS,is borinf,2018-12-01 23:38:46.7482474
oleg_aka_djmeg,PEPO,https://i.imgur.com/w3DX2Ql.jpg,2018-12-02 18:07:59.8703329
_Vagabond,BRAZIL,https://imgur.com/tpKpjit,2018-12-09 22:13:30.2561404
TSNevermeier,INBREHD,https://i.imgur.com/b9yRsqB.png,2018-12-14 22:58:16.2576799
TSNevermeier,PETEWARN,[Plz note Peteorama is slightly mong and a professional opinion would always be advised if the subject matter is critical],2018-12-17 21:05:37.0752878
TSNevermeier,MITSING,"ğŸ¶ Mitsos the wooorld, let them know it's hang yourself time ğŸµ",2018-12-17 21:11:19.0301099
TSNevermeier,FRANC,https://i.imgur.com/TMzABLM.png,2019-01-02 21:39:01.0128729
_Vagabond,WARN,<:inbrehd:527455030102458381>,2019-01-06 20:19:13.9792493
ollmac,ğŸ“£,<:Pepega:531823758449573909>,2019-01-07 13:19:20.7211112
raks,LOL,lololol,2019-01-07 13:19:26.1084237
ollmac,<:PEPEGA:531823758449573909>,ğŸ“£,2019-01-07 13:19:26.5000911
ollmac,<:PEPEGA:531823758449573909>,`#274` ğŸ“£  <:Pepega:531823758449573909> ğŸ“£,2019-01-07 19:46:47.5203327
ollmac,PEPEGA,`#275` <:Pepega:531823758449573909> ğŸ“£ `#275`,2019-01-07 19:48:25.0455029
ollmac,<:PEPEGA:531823758449573909>,<:Pepega:531823758449573909> ğŸ“£ `#276`,2019-01-07 19:49:27.5944334
TSNevermeier,BLOCKED,https://i.imgur.com/tMPzD6n.png,2019-01-08 18:29:39.0397632
KrazyCake,BRYCI,https://imgur.com/a/aUfujNz,2019-01-08 19:20:43.4514763
TSNevermeier,<:FEELSCPTMAN:529296223392497676>,https://i.imgur.com/DtcTPlR.png,2019-01-08 19:24:59.1683314
TSNevermeier,LOGIN,Winbows Succ wasn't able to recognize your udder please use the Pin,2019-01-09 23:42:31.4331901
_Vagabond,<:MATERIALISEDAUTISM:531823758449573909>,<:materialisedautism:531823758449573909>,2019-01-10 15:30:09.2178471
TSNevermeier,BEDROOM,https://i.imgur.com/oTTNp1q.png,2019-01-11 22:21:08.1932585
ollmac,TIMO,<:pepega:533350229831974943> ğŸ“£  pedophilia is always funny,2019-01-11 22:35:52.250711
TSNevermeier,KRAZY,https://i.imgur.com/XKPDSmg.jpg,2019-01-11 23:15:26.743174
TSNevermeier,BACCER,https://i.imgur.com/VxWOPc9.png,2019-01-11 23:17:21.8774764
_Vagabond,DICKS,https://i.imgur.com/G6Oousu.jpg,2019-01-13 18:38:35.1742857
TSNevermeier,HOWDY,https://i.imgur.com/2V6W8sQ.png,2019-01-28 15:06:35.3211276
TSNevermeier,HERB,So disappointed to see this server descend into highly illegal and dangerous controlled substance usage that funds our great nations enemies across the seas,2019-02-19 18:18:01.4813298
TSNevermeier,STROKE,<:pepega:533350229831974943> ğŸ“£ <:AAHHHHHHHHHHHHHHHHHHHHHHHHHHHHHH:527455028655685688> <:AAHHHHHHHHHHHHHHHHHHHHHHHHHHHHHH:527455028655685688> <:AAHHHHHHHHHHHHHHHHHHHHHHHHHHHHHH:527455028655685688> <:AAHHHHHHHHHHHHHHHHHHHHHHHHHHHHHH:527455028655685688> <:AAHHHHHHHHHHHHHHHHHHHHHHHHHHHHHH:527455028655685688> <:AAHHHHHHHHHHHHHHHHHHHHHHHHHHHHHH:527455028655685688> <:AAHHHHHHHHHHHHHHHHHHHHHHHHHHHHHH:527455028655685688> <:AAHHHHHHHHHHHHHHHHHHHHHHHHHHHHHH:527455028655685688> <:AAHHHHHHHHHHHHHHHHHHHHHHHHHHHHHH:527455028655685688> <:AAHHHHHHHHHHHHHHHHHHHHHHHHHHHHHH:527455028655685688> <:AAHHHHHHHHHHHHHHHHHHHHHHHHHHHHHH:527455028655685688> <:AAHHHHHHHHHHHHHHHHHHHHHHHHHHHHHH:527455028655685688> <:AAHHHHHHHHHHHHHHHHHHHHHHHHHHHHHH:527455028655685688> <:AAHHHHHHHHHHHHHHHHHHHHHHHHHHHHHH:527455028655685688> <:AAHHHHHHHHHHHHHHHHHHHHHHHHHHHHHH:527455028655685688> <:AAHHHHHHHHHHHHHHHHHHHHHHHHHHHHHH:527455028655685688> <:AAHHHHHHHHHHHHHHHHHHHHHHHHHHHHHH:527455028655685688> <:inSANEOIeafhwehnfbgtuoWBTGHWOUJ:436096564868546562> <:inSANEOIeafhwehnfbgtuoWBTGHWOUJ:436096564868546562> <:inSANEOIeafhwehnfbgtuoWBTGHWOUJ:436096564868546562> <:inSANEOIeafhwehnfbgtuoWBTGHWOUJ:436096564868546562> <:inSANEOIeafhwehnfbgtuoWBTGHWOUJ:436096564868546562> <:inSANEOIeafhwehnfbgtuoWBTGHWOUJ:436096564868546562> <:inSANEOIeafhwehnfbgtuoWBTGHWOUJ:436096564868546562> <:inSANEOIeafhwehnfbgtuoWBTGHWOUJ:436096564868546562> <:AAHHHHHHHHHHHHHHHHHHHHHHHHHHHHHH:527455028655685688> <:AAHHHHHHHHHHHHHHHHHHHHHHHHHHHHHH:527455028655685688> <:AAHHHHHHHHHHHHHHHHHHHHHHHHHHHHHH:527455028655685688> <:AAHHHHHHHHHHHHHHHHHHHHHHHHHHHHHH:527455028655685688> <:AAHHHHHHHHHHHHHHHHHHHHHHHHHHHHHH:527455028655685688> <:AAHHHHHHHHHHHHHHHHHHHHHHHHHHHHHH:527455028655685688> <:AAHHHHHHHHHHHHHHHHHHHHHHHHHHHHHH:527455028655685688> <:AAHHHHHHHHHHHHHHHHHHHHHHHHHHHHHH:527455028655685688> <:AAHHHHHHHHHHHHHHHHHHHHHHHHHHHHHH:527455028655685688> <:pepega:533350229831974943>,2019-02-22 14:55:11.5259881
Peteorama,FGT,https://i.imgur.com/RBpkT4L.png,2019-02-25 21:07:02.8040526
raks,SAY,hi,2019-03-01 11:31:57.4919973
raks,SAYHI,hi,2019-03-01 11:32:22.2165582
raks,GAY,https://youtu.be/dO0FQUMQhPY,2019-03-06 04:00:15.0844551
Peteorama,TIMELA,"Lancenfstr#8725 Time in Los Angeles, CA, USA is Retard o'clock - Pacific Standard Time pepega",2019-03-07 09:22:34.5158572
Peteorama,TIMELA,"Lancenfstr#8725 Time in Los Angeles, CA, USA is Retard o'clock - Pacific Standard Time <:pepega:533350229831974943>",2019-03-07 09:22:55.5251489
oleg_aka_djmeg,<:MONKAHMMM:545376260407296021>,https://desu.me/PH52Wr.jpg,2019-03-12 15:01:54.1374089
oleg_aka_djmeg,<:PEPEGA:533350229831974943>,<:pepega:533350229831974943> ğŸ“£ <:pepega:533350229831974943> ğŸ“£ <:pepega:533350229831974943> ğŸ“£ <:pepega:533350229831974943> ğŸ“£ <:pepega:533350229831974943> ğŸ“£ <:pepega:533350229831974943> ğŸ“£ <:pepega:533350229831974943> ğŸ“£ <:pepega:533350229831974943> ğŸ“£ <:pepega:533350229831974943> ğŸ“£ <:pepega:533350229831974943> ğŸ“£ <:pepega:533350229831974943> ğŸ“£ <:pepega:533350229831974943> ğŸ“£ <:pepega:533350229831974943> ğŸ“£,2019-03-14 16:27:14.9829765
oleg_aka_djmeg,<:PEPEGA:533350229831974943>,<:FeelsWeirdMan:527455030207447070>,2019-03-14 16:28:07.9047302
oleg_aka_djmeg,<:MONKAHMMM:545376260407296021>,https://desu.me/PxM2WM.jpg,2019-03-15 10:13:48.2807021
TSNevermeier,TIMO,<:pepega:533350229831974943> ğŸ“£ I love getting raped,2019-03-25 07:32:22.1474445
timo,HANG,yourself,2019-04-03 05:21:45.4594285
timo,CUSTARD,https://i.imgur.com/MBNXOqA.jpg,2019-04-03 05:23:30.132957
ollmac,SHAT,myself,2019-04-04 04:10:59.7309436
TSNevermeier,TEST,Hurensohn,2019-04-11 14:44:06.8379672
TSNevermeier,HANDGEMACHT,"""Die Atombomben waren auch handgemacht!"" ~Leo",2019-04-16 09:07:49.6039832
TSNevermeier,KREUZBERG,"""Was ist Kreuzberg"" ~Jerrus Nickus, Frankfurt an der Oida",2019-04-16 09:17:07.9889291
TSNevermeier,TECHSUPPORT,https://i.imgur.com/BGEgcWx.png,2019-04-17 10:05:49.2840982
TSNevermeier,KREUZBERG,https://i.imgur.com/dg4Clun.png,2019-04-17 10:09:19.9871298
TSNevermeier,LEO,https://i.imgur.com/OixLGtE.png,2019-04-17 10:11:17.1515055
timo,TIMO,<:hypepega:557598107689287710> ğŸ“£ no longer newfag,2019-04-23 12:14:53.4354486
TSNevermeier,TECHSUPPORT,https://i.imgur.com/BGEgcWx.png,2019-04-25 00:22:12.0756627
_Vagabond,HASH,"ğŸ’£ğŸ’£ğŸ’£ğŸ’£ğŸ’£ğŸ’£ğŸ’£ğŸ’£
ğŸ’£ğŸ’£ğŸ’£ğŸ’£ğŸ’£ğŸ’£ğŸ’£ğŸ’£
ğŸ’£ğŸ’£ğŸ’£ğŸ’£ğŸ’£ğŸ’£ğŸ’£ğŸ’£
ğŸ’£ğŸ’£ğŸ’£ğŸ’£ğŸ’£ğŸ’£ğŸ’£ğŸ’£
ğŸ’£ğŸ’£ğŸ’£ğŸ’£ğŸ’£ğŸ’£ğŸ’£ğŸ’£
ğŸ’£ğŸ’£ğŸ’£ğŸ’£ğŸ’£ğŸ’£ğŸ’£ğŸ’£
ğŸ’£ğŸ’£ğŸ’£ğŸ’£ğŸ’£ğŸ’£ğŸ’£ğŸ’£
ğŸ’£ğŸ’£ğŸ’£ğŸ’£ğŸ’£ğŸ’£ğŸ’£ğŸ’£",2019-04-25 03:06:25.5353628
_Vagabond,HASH,"||ğŸ’£ğŸ’£ğŸ’£ğŸ’£ğŸ’£ğŸ’£ğŸ’£ğŸ’£
ğŸ’£ğŸ’£ğŸ’£ğŸ’£ğŸ’£ğŸ’£ğŸ’£ğŸ’£
ğŸ’£ğŸ’£ğŸ’£ğŸ’£ğŸ’£ğŸ’£ğŸ’£ğŸ’£
ğŸ’£ğŸ’£ğŸ’£ğŸ’£ğŸ’£ğŸ’£ğŸ’£ğŸ’£
ğŸ’£ğŸ’£ğŸ’£ğŸ’£ğŸ’£ğŸ’£ğŸ’£ğŸ’£
ğŸ’£ğŸ’£ğŸ’£ğŸ’£ğŸ’£ğŸ’£ğŸ’£ğŸ’£
ğŸ’£ğŸ’£ğŸ’£ğŸ’£ğŸ’£ğŸ’£ğŸ’£ğŸ’£
ğŸ’£ğŸ’£ğŸ’£ğŸ’£ğŸ’£ğŸ’£ğŸ’£ğŸ’£||",2019-04-25 03:08:07.5564299
_Vagabond,HASH,"||                                                        1âƒ£ 1âƒ£ 1âƒ£ 
        1âƒ£ 1âƒ£ 1âƒ£                         2âƒ£ ğŸ’£ 2âƒ£ 
        1âƒ£ ğŸ’£ 1âƒ£                         2âƒ£ ğŸ’£ 2âƒ£ 
        1âƒ£ 1âƒ£ 1âƒ£         1âƒ£ 1âƒ£ 2âƒ£ 1âƒ£ 1âƒ£ 
                1âƒ£ 1âƒ£ 1âƒ£ 1âƒ£ ğŸ’£ 1âƒ£                 
                1âƒ£ ğŸ’£ 1âƒ£ 2âƒ£ 2âƒ£ 3âƒ£ 1âƒ£ 1âƒ£ 
                2âƒ£ 3âƒ£ 3âƒ£ 3âƒ£ ğŸ’£ 3âƒ£ ğŸ’£ 1âƒ£ 
                1âƒ£ ğŸ’£ ğŸ’£ 3âƒ£ ğŸ’£ 3âƒ£ 1âƒ£ 1âƒ£||",2019-04-25 03:08:47.5207903
TSNevermeier,SGT,<:hypepega:557598107689287710> ğŸ“£ BUT I HAVE NO PRINCIPLES LEFT AMIRITE <@!156486175358582784>,2019-04-25 16:29:29.6971964
TSNevermeier,NACHBAR,<:blobDancer:420306475848564737> <:FeelsCuteMan:409443980619546635> <:feelskawaiiman:483388696679153684> <:dasistwoduseinfalschkinddo:548066015712378881> <:uwu:548066032225353739> <:oks:548066018447327236>,2019-04-25 23:46:41.2646403
raks,<:BEEBO:566693253739577354>,@someone,2019-04-26 13:16:21.0177849
TSNevermeier,GERMAN,"I dont like the german way of building a house in the village your grand-granddad hung a few jews in, making two childs you force to be like you always wanted to be, a dog and a status symbol as car, always complaining about everything, unfriendly and egoistic",2019-04-27 19:48:35.886598
timo,HEY,monika,2019-04-28 09:38:44.0604988
oleg_aka_djmeg,OLEG,https://desu.me/PoG34B.jpg,2019-04-30 15:43:12.765201
timo,CRINGE,https://www.youtube.com/watch?v=uL5UFRNAMIA,2019-05-09 21:04:37.1340472
TSNevermeier,LINUX,"<:pepega:533350229831974943> ğŸ“£ VIM
<:pepega:533350229831974943> ğŸ“£ LINUX
<:pepega:533350229831974943> ğŸ“£ FREIE SOFTWARE
<:pepega:533350229831974943> ğŸ“£ ICH WILL DEN PENIS VON DEM STINKENDEN HÃ–HLENMENSCHEN STALLMANN LUTSCHEN",2019-05-25 14:24:39.4664039
_Vagabond,OLLMAC,https://i.imgur.com/ETtAFxj.png,2019-05-28 08:26:03.3147492
_Vagabond,VAGA,https://i.imgur.com/2l0NhxX.jpg,2019-05-28 08:27:12.0260604
timo,<@&583378447041167503>,<:Pepega:531830837247737866> ğŸ“£ https://i.imgur.com/lMEa58i.png,2019-06-01 06:46:24.0858004
oleg_aka_djmeg,ğŸ—’,http://i.imgur.com/02BxqNA.jpg,2019-06-03 07:50:37.8815046
ollmac,<:FEELSWEIRDMAN:527455030207447070>,https://i.imgur.com/CLXnQ7C.png,2019-06-04 18:18:47.6004526
timo,<:VARYSKOCH:585534150069583873>,https://i.imgur.com/BCvt1aV.png,2019-06-04 18:25:03.4107482
TSNevermeier,ROESCH,"Mein Name ist Eric RÃ¶sch, Herzlich willkommen zu literarisch alles was ich nicht auch genau so machen wÃ¼rde ist scheiÃŸe <:inbrehd:527455030102458381>",2019-06-05 14:45:00.8548286
timo,EUROP,asleep,2019-06-08 03:00:39.3570896
Baehrtis,QUOTE,penis,2019-06-09 14:39:53.8317419
raks,SOMEONE,@someone,2019-06-10 04:03:05.0020261
oleg_aka_djmeg,<:PEEPOFUNNY:588361194075848753>,<:FeelsFunnyMan:587641609198370846>,2019-06-16 18:10:11.6838568
oleg_aka_djmeg,<:FEELSFUNNYMAN:587641609198370846>,<:peepoFunny:588361194075848753>,2019-06-16 18:10:29.3210401
_Vagabond,DUTCHSPEAK,https://i.imgur.com/4YT2PPv.png,2019-06-26 20:59:24.9318244
TSNevermeier,LOWBOB,https://i.imgur.com/ndqMsla.png,2019-07-08 01:01:13.5154702
Knuckles,TRUTH,amd <:peepoFunny:588361194075848753>,2019-07-08 11:07:11.9464234
oleg_aka_djmeg,CPU,intel <:peepoFunny:588361194075848753>,2019-07-08 11:07:23.3877793
KrazyCake,AMD,<:peepoFunny:588361194075848753>,2019-07-08 11:07:28.1625631
_Vagabond,BULLY,https://imgur.com/k8xkd7h,2019-07-08 21:37:05.9033257
timo,JOZSI,<:pepega:533350229831974943> ğŸ“£ https://i.imgur.com/gDkqofZ.jpg,2019-07-11 07:59:13.4444911
TSNevermeier,TIMO,Ok thank you sunshine ğŸŒ,2019-07-15 10:46:12.084283
KrazyCake,LURK,https://i.imgur.com/149fTk2.png,2019-07-16 09:03:50.4404019
oleg_aka_djmeg,IDK,<:peepoFunny:588361194075848753>,2019-07-22 09:44:45.8620873
timo,POPPIN,https://www.youtube.com/watch?v=iFgNKB1JCiI,2019-08-01 21:01:08.895223
timo,POPPING,https://www.youtube.com/watch?v=iFgNKB1JCiI,2019-08-01 21:01:11.1326575
oleg_aka_djmeg,CAKES,https://i.imgur.com/z1ucZvI.png,2019-08-06 10:50:30.6272042
TSNevermeier,<:QUELLE:606061879680303104>,https://i.imgur.com/y18aVAG.png,2019-08-27 15:39:05.4680383
Buelli,<:AMAZIN:595308048147415042>,<:amazin:595308048147415042>,2019-08-27 15:42:15.5078748
TSNevermeier,JACK,Jack mehr wie: jedes mal wenn er ein absurdes emoji mit noch absurderem namen schickt wird es schneller,2019-09-03 15:25:12.5919725
Baehrtis,DRAMA,https://media.discordapp.net/attachments/547866653933699082/607587106293940224/unknown.png,2019-09-04 09:39:09.1015613
TSNevermeier,CONVENIENCE,smh <:che:588429207986634785>,2019-09-04 12:55:35.278023
Meiyou,HÃ„,was,2019-09-18 15:38:39.2272365
ollmac,ALERTA,http://www.youtube.com/watch?v=ur-ggo4Aek8,2020-09-06 18:45:48.7237287
Tobacco,HAM,https://streamable.com/wx5bxn,2020-09-06 18:50:49.345619
Cow,ğŸ‡¸ğŸ‡ª,https://cdn.discordapp.com/attachments/396094614307864591/712619634011930674/Na_I_don_t_think_sa.mp4,2020-09-06 22:08:57.9500512
HUNjozsi,SAYHI,Hi,2020-09-08 20:27:14.5733933
ollmac,<:GWJOJOGACHIGASM:363025405562585088>,https://youtu.be/FzFPmx96nnA,2020-09-10 13:43:30.7714104
ollmac,<:GWJOJOGACHIGASM:363025405562585088>,https://youtu.be/W7yj7CVBYfo,2020-09-10 13:43:37.8384049
ollmac,<:GWJOJOGACHIGASM:363025405562585088>,https://youtu.be/fSfsWFUmaX8,2020-09-10 13:43:44.0422248
ollmac,<:GWJOJOGACHIGASM:363025405562585088>,https://youtu.be/rCCVbwB6Vhk,2020-09-10 13:43:54.6883513
ollmac,<:GWJOJOGACHIGASM:363025405562585088>,https://youtu.be/ei0ds1Dj6_c,2020-09-10 13:44:22.1496674
ollmac,<:GWJOJOGACHIGASM:363025405562585088>,https://youtu.be/i-MraUCuRfQ,2020-09-10 14:04:37.0502734
ollmac,<:GWJOJOGACHIGASM:363025405562585088>,https://youtu.be/F4t7-DEx1-w,2020-09-10 14:05:23.197755
ollmac,<:GWJOJOGACHIGASM:363025405562585088>,https://youtu.be/2BOIZMVVLBE,2020-09-10 14:05:35.3249597
ollmac,<:GWJOJOGACHIGASM:363025405562585088>,https://youtu.be/fSfsWFUmaX8,2020-09-10 22:39:43.5492975
ollmac,<:GWJOJOGACHIGASM:363025405562585088>,https://youtu.be/bNosV0Eppxc,2020-09-10 22:40:57.013088
Peteorama,ETS,"Watch the road MotherFucker, THE ROAD! <:eyeclawpepe:589904568385798144>",2020-09-19 07:00:09.9596845
Peteorama,ETS,WATCH THE ROAD MOTHERFUCKER <:eyeclawpepe:589904568385798144>  THE ROAD,2020-09-19 07:05:56.198202
ollmac,ETS,WATCH THE ROAD MOTHERFUCKER <:eyeclawpepe:589904568385798144> THE ROAD,2020-09-19 07:06:19.9178408
timo,ETS,WATCH THE ROAD MOTHERFUCKER <:eyeclawpepe:589904568385798144> **THE ROAD**,2020-09-19 07:06:38.0685027
timo,ETS,WATCH THE ROAD MOTHERFUCKER <:eyeclawpepe:589904568385798144>  THE **ROAD**,2020-09-19 07:10:52.9545629
ollmac,WHEN,ds1,2020-09-19 07:22:47.0192306
ollmac,WHEN,a mong us,2020-09-19 07:22:49.083993
timo,POSTOP,https://discordapp.com/channels/395243617956003842/396094614307864591/461360391629570056,2020-09-26 16:46:49.9263769
ollmac,POSTOP,https://cdn.discordapp.com/attachments/396094614307864591/461360390568280070/unknown.png,2020-09-26 16:47:10.606185
_Vagabond,NOPE,https://www.youtube.com/watch?v=i-MraUCuRfQ,2020-10-05 21:19:03.9763033
Peteorama,WHEN,http://www.google.com/search?q=next+f1+race,2020-10-08 19:57:58.3279239
Peteorama,COW,<:pepega:533350229831974943>ğŸ“£ **COW DO THING!**,2020-10-14 09:33:04.9765234
ollmac,CBT,https://cdn.discordapp.com/attachments/396094614307864591/766714642290442240/SPOILER_SPOILER_cbt.mp4,2020-10-16 17:30:24.4140059
_Vagabond,PETE,https://imgur.com/a/ZI8qsjf,2020-10-22 09:13:13.2679308
timo,ARKY,<:pepega:533350229831974943> ğŸ“£ hating women has no age,2020-11-03 12:32:29.2813509
raks,PING,!ping,2020-11-22 10:48:17.7702298
timo,OLLMAC,I will sacrifice my life for pakistan,2020-11-28 00:40:38.0414991
Peteorama,TOBACCO,https://cdn.discordapp.com/attachments/333904844911804416/782245764227268668/unknown.png,2020-11-28 14:05:58.1253115
_Vagabond,LOL,https://www.youtube.com/watch?v=3MMpP8TV2Yg,2020-12-20 15:03:22.2007305
retrodioxide,PENGU,https://media.tenor.com/videos/637a969c262ab5cd4182bd91a5b7aad6/mp4,2021-01-15 17:03:54.8424603
_Vagabond,LIDL,https://youtu.be/h4kBcm-ls8Y?t=18,2021-01-16 07:31:17.128099
retrodioxide,KOCH,https://youtu.be/J7k2vBtpOb4?t=14,2021-01-18 15:34:28.9894973
raks,TROUBLE,https://youtu.be/IuRC3HEJ71M,2021-01-25 08:48:03.428577
retrodioxide,KFC,https://youtu.be/Y4Ib5P9f5PQ?t=58,2021-01-25 09:12:27.5339614
retrodioxide,ğŸ˜¦,https://youtu.be/5XvpHVCp2oU?t=6,2021-01-26 20:49:29.0756762
retrodioxide,LAUGH,https://youtu.be/rM9WGgyDssU?t=4,2021-02-08 23:32:39.7165954
retrodioxide,CSGO,<@313290158969454593> bad player good game,2021-02-09 12:17:47.0433524
HUNjozsi,CSGO,https://cdn.discordapp.com/attachments/396094614307864591/808672973954351104/rpg36s_1.mp4,2021-02-09 12:18:09.2431875
timo,VALHEIM,https://media.discordapp.net/attachments/414539966832574467/814951056097280020/1614335594715.jpg,2021-02-27 10:57:47.1822417
retrodioxide,FEDS,"In case of an investigation by any federal entity or similar, I do not have any involvement with this group or with the people in it, I do not know how I am here, probably added by a thrid party, I do not support any actions by the member of this group.",2021-03-01 23:01:48.3926277
retrodioxide,FEDS,"In case of an investigation by any federal entity or similar, I do not have any involvement with this group or with the people in it. I do not know how I am here, probably added by a third-party. I do not support any actions by members of this group.",2021-03-01 23:08:18.293254timo.thy,123,ddd,2025-09-22T16:38:10.643136
timo,VALHEIM,https://media.discordapp.net/attachments/414539966832574467/814951056097280020/1614335594715.jpg,2021-02-27 10:57:47.1822417